rank,repo,url,license,fit_tier,stage_score_0_6,business_context,problem_definition,data_processing,analysis_eda,modeling_training,serving_deployment,monitoring_observability,cicd_governance,data_or_use_case,why_close_to_mlops_bench,evidence_url
1,GoogleCloudPlatform/mlops-with-vertex-ai,https://github.com/GoogleCloudPlatform/mlops-with-vertex-ai,Apache-2.0,direct_full_project,6.0,yes,yes,yes,yes,yes,yes,yes,yes,"Chicago Taxi tip prediction","End-to-end educational MLOps repo with dataset management, EDA, validation, TFX training, CI/CD, deployment, prediction serving, and Vertex AI monitoring.",https://github.com/GoogleCloudPlatform/mlops-with-vertex-ai
2,GoogleCloudPlatform/vertex-pipelines-end-to-end-samples,https://github.com/GoogleCloudPlatform/vertex-pipelines-end-to-end-samples,Apache-2.0,direct_full_project,5.5,yes,yes,yes,yes,yes,yes,partial,yes,"Chicago Taxi fare prediction","Production-ready Vertex Pipelines reference with template use cases, training and prediction pipelines, Terraform, Cloud Build CI/CD, tests, and scheduled runs.",https://github.com/GoogleCloudPlatform/vertex-pipelines-end-to-end-samples
3,prsdm/mlops-project,https://github.com/prsdm/mlops-project,Apache-2.0,direct_full_project,6.0,yes,yes,yes,yes,yes,yes,yes,yes,"Insurance cross-sell prediction","Student-style full MLOps project with DVC data, preprocessing, MLflow, FastAPI, Docker, tests, docs, and Evidently drift monitoring.",https://github.com/prsdm/mlops-project
4,NVIDIA-Merlin/gcp-ml-ops,https://github.com/NVIDIA-Merlin/gcp-ml-ops,Apache-2.0,direct_full_project,6.0,yes,yes,yes,partial,yes,yes,yes,yes,"Criteo click-log recommender system","End-to-end recommender MLOps pipeline with data extraction, validation, preprocessing, training, inference, monitoring, GKE, Kubeflow, and retraining.",https://github.com/NVIDIA-Merlin/gcp-ml-ops
5,Snowflake-Labs/sfguide-getting-started-with-model-serving-in-spcs,https://github.com/Snowflake-Labs/sfguide-getting-started-with-model-serving-in-spcs,Apache-2.0,direct_full_project,5.0,yes,yes,yes,yes,yes,yes,partial,partial,"Chicago bus ridership forecasting","Complete Snowflake ML workflow covering secure data access, feature engineering, XGBoost training, model registry, and deployment as a service.",https://github.com/Snowflake-Labs/sfguide-getting-started-with-model-serving-in-spcs
6,feast-dev/feast-aws-credit-scoring-tutorial,https://github.com/feast-dev/feast-aws-credit-scoring-tutorial,Apache-2.0,direct_project,4.5,yes,yes,yes,partial,yes,yes,partial,partial,"Real-time loan credit scoring","Business tutorial with AWS infrastructure, S3 and Redshift offline features, DynamoDB online features, model training, and Streamlit serving.",https://github.com/feast-dev/feast-aws-credit-scoring-tutorial
7,datadrivers/effective-guide-mlops,https://github.com/datadrivers/effective-guide-mlops,Apache-2.0,direct_project,4.5,yes,yes,yes,yes,yes,yes,no,partial,"Penguin sex classification","Small notebook-led student-style MLOps walkthrough from EDA and SageMaker processing to model training and REST API deployment.",https://github.com/datadrivers/effective-guide-mlops
8,zenml-io/template-e2e-batch,https://github.com/zenml-io/template-e2e-batch,Apache-2.0,project_template,6.0,yes,yes,yes,yes,yes,yes,yes,yes,"Breast cancer batch inference template","Template for a full batch MLOps project with ETL, preprocessing reuse, hyperparameter tuning, model promotion, deployment, inference, and Evidently drift gates.",https://github.com/zenml-io/template-e2e-batch
9,zenml-io/zenml-projects,https://github.com/zenml-io/zenml-projects,Apache-2.0,example_collection,5.5,yes,yes,yes,yes,yes,yes,partial,yes,"Multiple ZenML production use cases","Collection of specific production use-case projects; useful for sourcing MLOps-Bench tasks with business context and complete pipelines.",https://github.com/zenml-io/zenml-projects
10,mlrun/demos,https://github.com/mlrun/demos,Apache-2.0,example_collection,5.5,yes,yes,yes,yes,yes,yes,partial,yes,"Fraud prevention, mask detection, stocks, NLP","End-to-end demo collection with data collection, preparation, feature store examples, training, serving, automated workflows, and dashboards.",https://github.com/mlrun/demos
11,google/product_return_predictor,https://github.com/google/product_return_predictor,Apache-2.0,direct_project,4.5,yes,yes,yes,yes,yes,partial,partial,partial,"Retail product return prediction","Strong business context and data requirements with BigQuery feature engineering, Vertex AutoML training, evaluation, scheduled predictions, and planned drift monitoring.",https://github.com/google/product_return_predictor
12,aws-solutions/maintaining-personalized-experiences-with-machine-learning,https://github.com/aws-solutions/maintaining-personalized-experiences-with-machine-learning,Apache-2.0,direct_project,5.0,yes,yes,yes,partial,yes,yes,partial,yes,"Amazon Personalize recommendation maintenance","AWS solution repo for continuously maintaining personalized recommendations with automated resources, metrics collection, deployment assets, and operational pipeline code.",https://github.com/aws-solutions/maintaining-personalized-experiences-with-machine-learning
13,mlops-ai/mlops,https://github.com/mlops-ai/mlops,Apache-2.0,student_project_tool,4.0,yes,yes,partial,partial,partial,yes,yes,partial,"Experiment tracking and production monitoring app","University final-project style repo with React, FastAPI, Docker Compose, tracking, deployed-model monitoring goals, examples, and package/API structure.",https://github.com/mlops-ai/mlops
14,jerife/MLOps-on-kubernetes,https://github.com/jerife/MLOps-on-kubernetes,Apache-2.0,direct_project,5.5,yes,yes,yes,partial,yes,yes,yes,yes,"Brain-computer interface EEG classification","Project-style Kubernetes MLOps repo with BCI data, preprocessing, feature extraction, SVM training, Kubeflow pipelines, MLflow versioning, BentoML serving, and Prometheus/Grafana.",https://github.com/jerife/MLOps-on-kubernetes
15,awslabs/aiops-modules,https://github.com/awslabs/aiops-modules,Apache-2.0,platform_examples,5.0,partial,partial,yes,partial,yes,yes,yes,yes,"SageMaker, MLflow, Step Functions, Ray, model monitoring modules","Reusable IaC modules and end-to-end example manifests covering SageMaker training, deployment, model registry, monitoring, CI/CD, MLflow, and workflow orchestration.",https://github.com/awslabs/aiops-modules
16,GoogleCloudPlatform/vertex-ai-samples,https://github.com/GoogleCloudPlatform/vertex-ai-samples,Apache-2.0,example_collection,5.0,partial,partial,yes,yes,yes,yes,partial,partial,"Vertex AI notebooks and sample apps","Large sample collection covering data, pipelines, prediction, model registry, metadata, explainability, and managed ML workflows.",https://github.com/GoogleCloudPlatform/vertex-ai-samples
17,tensorflow/tfx,https://github.com/tensorflow/tfx,Apache-2.0,platform_reference,5.0,partial,partial,yes,yes,yes,yes,partial,partial,"TFX production ML pipelines","Production ML pipeline platform with components for data validation, transformation, training, evaluation, metadata, and serving integration; useful for stage-focused benchmark tasks.",https://github.com/tensorflow/tfx
18,kubeflow/pipelines,https://github.com/kubeflow/pipelines,Apache-2.0,platform_reference,4.5,partial,partial,yes,partial,yes,partial,partial,yes,"Reusable ML workflows on Kubernetes","Core orchestration layer for reusable end-to-end ML workflows, experimentation, component reuse, Kubernetes deployment, and MLOps CI/CD examples.",https://github.com/kubeflow/pipelines
19,flyteorg/flytesnacks,https://github.com/flyteorg/flytesnacks,Apache-2.0,example_collection,4.5,partial,partial,yes,partial,yes,partial,partial,yes,"Flyte examples and tutorials","Example and tutorial repo for orchestrating data and ML workflows; useful for data pipeline, training, reproducibility, and workflow automation tasks.",https://github.com/flyteorg/flytesnacks
20,flyteorg/flyte,https://github.com/flyteorg/flyte,Apache-2.0,platform_reference,4.0,partial,partial,yes,partial,yes,partial,partial,yes,"ML and AI workflow orchestration","Workflow orchestration platform for coordinating data, models, and compute; fits benchmark tasks around pipeline authoring, reproducibility, and production orchestration.",https://github.com/flyteorg/flyte
21,zenml-io/zenml,https://github.com/zenml-io/zenml,Apache-2.0,platform_reference,5.0,partial,partial,yes,yes,yes,yes,yes,partial,"MLOps pipeline framework","MLOps framework with pipelines, experiment tracking, model registry, deployment, batch inference, data validators, and monitoring integrations.",https://github.com/zenml-io/zenml
22,mlflow/mlflow,https://github.com/mlflow/mlflow,Apache-2.0,platform_reference,4.0,partial,partial,partial,yes,yes,yes,yes,partial,"Experiment tracking, registry, deployment, monitoring","Core ML lifecycle platform for experiment tracking, model management, registry, evaluation, observability, and serving; best used as component-focused benchmark source.",https://github.com/mlflow/mlflow
23,iterative/dvc,https://github.com/iterative/dvc,Apache-2.0,component_reference,3.0,partial,partial,yes,partial,partial,no,no,yes,"Data and model versioning","Strong source for data versioning, reproducible pipelines, experiment tracking, metrics, and Git-integrated dataset/model workflow tasks.",https://github.com/iterative/dvc
24,feast-dev/feast,https://github.com/feast-dev/feast,Apache-2.0,component_reference,4.0,partial,partial,yes,partial,partial,yes,partial,partial,"Feature store for training and online inference","Feature store covering offline and online stores, training-serving consistency, feature server, materialization, data quality roadmap, and production feature workflows.",https://github.com/feast-dev/feast
25,great-expectations/great_expectations,https://github.com/great-expectations/great_expectations,Apache-2.0,component_reference,2.5,partial,partial,yes,yes,no,no,partial,yes,"Data validation and quality checks","Best suited for data quality, schema validation, EDA/profiling, documentation, and CI validation tasks inside broader MLOps benchmark scenarios.",https://github.com/great-expectations/great_expectations
26,evidentlyai/evidently,https://github.com/evidentlyai/evidently,Apache-2.0,component_reference,3.0,partial,partial,yes,yes,partial,no,yes,yes,"ML and data drift monitoring","Strong source for model/data evaluation, drift detection, test suites, monitoring dashboards, and CI/CD gates for ML quality.",https://github.com/evidentlyai/evidently
27,bentoml/BentoML,https://github.com/bentoml/BentoML,Apache-2.0,component_reference,3.0,partial,partial,partial,partial,partial,yes,partial,yes,"Model and AI app serving","Serving-focused repo for model inference APIs, multi-model pipelines, deployment packaging, jobs, and production inference service tasks.",https://github.com/bentoml/BentoML
28,kserve/kserve,https://github.com/kserve/kserve,Apache-2.0,component_reference,3.0,partial,partial,partial,no,partial,yes,partial,yes,"Kubernetes model inference platform","Kubernetes-native inference platform for scalable model deployment, autoscaling, canary rollouts, observability hooks, and standardized prediction APIs.",https://github.com/kserve/kserve
29,datahub-project/datahub,https://github.com/datahub-project/datahub,Apache-2.0,component_reference,3.0,partial,partial,yes,yes,no,no,yes,partial,"Data catalog, lineage, governance, observability","Useful for data context, lineage, discovery, governance, ownership, quality signals, and audit-style MLOps data management tasks.",https://github.com/datahub-project/datahub
30,open-metadata/OpenMetadata,https://github.com/open-metadata/OpenMetadata,Apache-2.0,component_reference,3.0,partial,partial,yes,yes,no,no,yes,partial,"Data context, lineage, quality, governance","Useful for metadata, business semantics, lineage, data contracts, quality checks, governance, and data observability stages around ML systems.",https://github.com/open-metadata/OpenMetadata
31,alibaba/feathub,https://github.com/alibaba/feathub,Apache-2.0,component_reference,4.0,partial,partial,yes,partial,partial,yes,partial,partial,"Stream-batch feature store for real-time ML","Feature-store component with stream-batch unification, feature engineering, data quality, and online/offline real-time ML data flows.",https://github.com/alibaba/feathub
